交易日期,契約,到期月份(週別),開盤價,最高價,最低價,收盤價,漲跌價,漲跌%,成交量,結算價,未沖銷契約數,最後最佳買價,最後最佳賣價,歷史最高價,歷史最低價,是否因訊息面暫停交易,交易時段,價差對單式委託成交量
2018/4/2,MTX,201804W1,10928,10969,10864,10881,-57,-0.52%,290,10881,469,10878,10880,10985,10789,,一般,
2018/4/2,MTX,201804,10921,10959,10843,10864,-60,-0.55%,106706,10863,26109,10863,10864,11122,10557,,一般,
2018/4/2,MTX,201805,10899,10930,10821,10839,-60,-0.55%,3387,10838,2988,10837,10839,11098,10598,,一般,
2018/4/2,MTX,201806,10859,10898,10790,10809,-55,-0.51%,641,10808,5113,10806,10810,11200,9262,,一般,
2018/4/2,MTX,201809,10430,10458,10348,10364,-56,-0.54%,279,10362,4263,10363,10367,10803,9662,,一般,
2018/4/2,MTX,201812,10358,10402,10290,10310,-58,-0.56%,173,10305,3230,10308,10310,10768,9633,,一般,
交易日期,契約,到期月份(週別),開盤價,最高價,最低價,收盤價,漲跌價,漲跌%,成交量,結算價,未沖銷契約數,最後最佳買價,最後最佳賣價,歷史最高價,歷史最低價,是否因訊息面暫停交易,交易時段,價差對單式委託成交量
2018/4/3,MTX,201804W1,10796,10815,10760,10803,-78,-0.72%,239,10803,549,10801,10803,10985,10717,,一般,
2018/4/3,MTX,201804W1,10868,10880,10717,10751,-130,-1.19%,542,-,-,10748,10755,10985,10717,,盤後,
2018/4/3,MTX,201804,10770,10807,10737,10785,-78,-0.72%,99521,10783,26833,10784,10785,11122,10557,,一般,
2018/4/3,MTX,201804,10852,10879,10701,10737,-126,-1.16%,54200,-,-,10735,10738,11122,10557,,盤後,
2018/4/3,MTX,201805,10742,10780,10714,10759,-79,-0.73%,3482,10758,3467,10758,10760,11098,10598,,一般,
2018/4/3,MTX,201805,10827,10854,10678,10713,-125,-1.15%,2803,-,-,10709,10715,11098,10598,,盤後,
2018/4/3,MTX,201806,10709,10750,10684,10729,-79,-0.73%,776,10727,5188,10728,10730,11200,9262,,一般,
2018/4/3,MTX,201806,10799,10822,10646,10681,-127,-1.18%,623,-,-,10678,10684,11200,9262,,盤後,
2018/4/3,MTX,201809,10265,10306,10245,10287,-75,-0.72%,257,10287,4314,10283,10288,10803,9662,,一般,
2018/4/3,MTX,201809,10352,10374,10210,10236,-126,-1.22%,167,-,-,10237,10243,10803,9662,,盤後,
2018/4/3,MTX,201812,10228,10249,10183,10225,-80,-0.78%,200,10225,3281,10226,10230,10768,9633,,一般,
2018/4/3,MTX,201812,10296,10315,10147,10180,-125,-1.21%,150,-,-,10178,10186,10768,9633,,盤後,
2018/4/3,MTX,201804/201805,-24,-24,-24,-24,-,-,1,-,-,-27,-24,-24,-24,,一般,933
交易日期,契約,到期月份(週別),開盤價,最高價,最低價,收盤價,漲跌價,漲跌%,成交量,結算價,未沖銷契約數,最後最佳買價,最後最佳賣價,歷史最高價,歷史最低價,是否因訊息面暫停交易,交易時段,價差對單式委託成交量
2018/4/9,MTX,201804W1,10861,10907,10829,10896,93,0.86%,430,0,563,10896,10897,10985,10717,,一般,
2018/4/9,MTX,201804W1,10810,10871,10807,10870,67,0.62%,134,-,-,10869,10876,10985,10717,,盤後,
2018/4/9,MTX,201804W2,10900,10921,10829,10914,115,1.06%,226,10914,157,10912,10919,10921,10829,,一般,
2018/4/9,MTX,201804,10835,10911,10813,10905,122,1.13%,105701,10903,28082,10903,10905,11122,10557,,一般,
2018/4/9,MTX,201804,10795,10861,10786,10859,76,0.70%,40537,-,-,10858,10860,11122,10557,,盤後,
2018/4/9,MTX,201805,10804,10883,10788,10879,121,1.12%,4900,10878,4127,10877,10880,11098,10598,,一般,
2018/4/9,MTX,201805,10766,10835,10761,10832,74,0.69%,1584,-,-,10831,10833,11098,10598,,盤後,
2018/4/9,MTX,201806,10780,10855,10758,10848,121,1.13%,996,10845,5336,10847,10848,11200,9262,,一般,
2018/4/9,MTX,201806,10728,10804,10728,10803,76,0.71%,343,-,-,10802,10805,11200,9262,,盤後,
2018/4/9,MTX,201809,10326,10408,10314,10404,117,1.14%,410,10403,4225,10401,10404,10803,9662,,一般,
2018/4/9,MTX,201809,10295,10360,10288,10360,73,0.71%,80,-,-,10358,10363,10803,9662,,盤後,
2018/4/9,MTX,201812,10266,10349,10259,10342,117,1.14%,219,10344,3342,10343,10347,10768,9633,,一般,
2018/4/9,MTX,201812,10235,10300,10229,10300,75,0.73%,93,-,-,10300,10305,10768,9633,,盤後,
交易日期,契約,到期月份(週別),開盤價,最高價,最低價,收盤價,漲跌價,漲跌%,成交量,結算價,未沖銷契約數,最後最佳買價,最後最佳賣價,歷史最高價,歷史最低價,是否因訊息面暫停交易,交易時段,價差對單式委託成交量
2018/4/10,MTX,201804W2,10888,10990,10867,10952,38,0.35%,397,10952,259,10952,10956,10990,10829,,一般,
2018/4/10,MTX,201804W2,10928,10964,10896,10906,-8,-0.07%,166,-,-,10901,10907,10964,10829,,盤後,
2018/4/10,MTX,201804,10875,10993,10852,10948,45,0.41%,116037,10948,27292,10948,10950,11122,10557,,一般,
2018/4/10,MTX,201804,10917,10959,10878,10894,-9,-0.08%,34499,-,-,10894,10895,11122,10557,,盤後,
2018/4/10,MTX,201805,10850,10967,10828,10925,47,0.43%,6110,10924,4449,10923,10926,11098,10598,,一般,
2018/4/10,MTX,201805,10889,10932,10853,10870,-8,-0.07%,1592,-,-,10868,10869,11098,10598,,盤後,
2018/4/10,MTX,201806,10815,10934,10797,10893,48,0.44%,951,10891,5453,10892,10895,11200,9262,,一般,
2018/4/10,MTX,201806,10870,10900,10827,10841,-4,-0.04%,301,-,-,10837,10841,11200,9262,,盤後,
2018/4/10,MTX,201809,10364,10487,10356,10448,45,0.43%,368,10451,4201,10445,10449,10803,9662,,一般,
2018/4/10,MTX,201809,10417,10456,10380,10394,-9,-0.09%,125,-,-,10391,10395,10803,9662,,盤後,
2018/4/10,MTX,201812,10314,10428,10297,10390,46,0.44%,285,10389,3363,10387,10391,10768,9633,,一般,
2018/4/10,MTX,201812,10356,10398,10320,10337,-7,-0.07%,208,-,-,10333,10337,10768,9633,,盤後,
2018/4/10,MTX,201804/201805,-27,-25,-27,-25,-,-,5,-,-,-25,-24,-24,-27,,一般,3282
交易日期,契約,到期月份(週別),開盤價,最高價,最低價,收盤價,漲跌價,漲跌%,成交量,結算價,未沖銷契約數,最後最佳買價,最後最佳賣價,歷史最高價,歷史最低價,是否因訊息面暫停交易,交易時段,價差對單式委託成交量
2018/4/11,MTX,201804W2,10958,11010,10952,10974,22,0.20%,285,0,262,10974,10975,11010,10829,,一般,
2018/4/11,MTX,201804W2,10960,10985,10948,10985,33,0.30%,100,-,-,10985,10993,10990,10829,,盤後,
2018/4/11,MTX,201804,10960,11007,10948,10978,30,0.27%,80087,10977,26540,10977,10978,11122,10557,,一般,
2018/4/11,MTX,201804,10963,10985,10937,10984,36,0.33%,29226,-,-,10983,10985,11122,10557,,盤後,
2018/4/11,MTX,201805,10940,10982,10925,10955,31,0.28%,4642,10955,5788,10954,10955,11098,10598,,一般,
2018/4/11,MTX,201805,10933,10960,10915,10960,36,0.33%,1543,-,-,10959,10960,11098,10598,,盤後,
2018/4/11,MTX,201806,10900,10951,10895,10925,34,0.31%,627,10925,5576,10924,10927,11200,9262,,一般,
2018/4/11,MTX,201806,10906,10929,10885,10928,37,0.34%,232,-,-,10926,10929,11200,9262,,盤後,
2018/4/11,MTX,201809,10463,10502,10450,10477,26,0.25%,325,10479,4108,10478,10480,10803,9662,,一般,
2018/4/11,MTX,201809,10456,10482,10441,10482,31,0.30%,130,-,-,10480,10483,10803,9662,,盤後,
2018/4/11,MTX,201812,10399,10445,10392,10424,35,0.34%,165,10423,3363,10421,10424,10768,9633,,一般,
2018/4/11,MTX,201812,10396,10423,10380,10422,33,0.32%,71,-,-,10422,10427,10768,9633,,盤後,
2018/4/11,MTX,201804/201805,-26,-26,-26,-26,-,-,1,-,-,-26,-23,-24,-27,,盤後,1160
交易日期,契約,到期月份(週別),開盤價,最高價,最低價,收盤價,漲跌價,漲跌%,成交量,結算價,未沖銷契約數,最後最佳買價,最後最佳賣價,歷史最高價,歷史最低價,是否因訊息面暫停交易,交易時段,價差對單式委託成交量
2018/4/12,MTX,201804,10992,11024,10905,10942,-35,-0.32%,106026,10942,25816,10942,10943,11122,10557,,一般,
2018/4/12,MTX,201804,10976,10987,10939,10968,-9,-0.08%,29441,-,-,10968,10969,11122,10557,,盤後,
2018/4/12,MTX,201805,10961,10999,10886,10920,-35,-0.32%,7170,10920,6854,10920,10922,11098,10598,,一般,
2018/4/12,MTX,201805,10957,10964,10917,10947,-8,-0.07%,2009,-,-,10945,10947,11098,10598,,盤後,
2018/4/12,MTX,201806,10929,10970,10858,10895,-30,-0.27%,1022,10892,5577,10892,10895,11200,9262,,一般,
2018/4/12,MTX,201806,10922,10934,10888,10916,-9,-0.08%,256,-,-,10915,10918,11200,9262,,盤後,
2018/4/12,MTX,201809,10483,10522,10415,10450,-29,-0.28%,407,10450,4093,10446,10451,10803,9662,,一般,
2018/4/12,MTX,201809,10472,10490,10445,10472,-7,-0.07%,125,-,-,10469,10473,10803,9662,,盤後,
2018/4/12,MTX,201812,10428,10465,10359,10395,-28,-0.27%,310,10394,3447,10390,10393,10768,9633,,一般,
2018/4/12,MTX,201812,10414,10430,10386,10413,-10,-0.10%,76,-,-,10412,10415,10768,9633,,盤後,
2018/4/12,MTX,201804/201805,-24,-20,-24,-22,-,-,3,-,-,-23,-21,-20,-27,,一般,3682
交易日期,契約,到期月份(週別),開盤價,最高價,最低價,收盤價,漲跌價,漲跌%,成交量,結算價,未沖銷契約數,最後最佳買價,最後最佳賣價,歷史最高價,歷史最低價,是否因訊息面暫停交易,交易時段,價差對單式委託成交量
2018/4/13,MTX,201804,10968,10988,10920,10956,14,0.13%,84462,10957,25983,10956,10958,11122,10557,,一般,
2018/4/13,MTX,201804,10916,10983,10907,10979,37,0.34%,27567,-,-,10978,10979,11122,10557,,盤後,
2018/4/13,MTX,201805,10942,10965,10905,10943,23,0.21%,7742,10942,7173,10940,10943,11098,10598,,一般,
2018/4/13,MTX,201805,10899,10959,10885,10957,37,0.34%,2532,-,-,10956,10957,11098,10598,,盤後,
2018/4/13,MTX,201806,10909,10936,10878,10916,24,0.22%,728,10916,5629,10915,10918,11200,9262,,一般,
2018/4/13,MTX,201806,10873,10933,10860,10928,36,0.33%,299,-,-,10929,10930,11200,9262,,盤後,
2018/4/13,MTX,201809,10476,10490,10435,10465,15,0.14%,257,10466,4026,10464,10468,10803,9662,,一般,
2018/4/13,MTX,201809,10422,10487,10415,10485,35,0.33%,131,-,-,10480,10483,10803,9662,,盤後,
2018/4/13,MTX,201812,10408,10435,10379,10412,18,0.17%,261,10411,3485,10410,10413,10768,9633,,一般,
2018/4/13,MTX,201812,10367,10433,10356,10425,31,0.30%,134,-,-,10426,10429,10768,9633,,盤後,
2018/4/13,MTX,201804/201805,-22,-15,-22,-15,-,-,11,-,-,-17,-14,-15,-27,,一般,4088
交易日期,契約,到期月份(週別),開盤價,最高價,最低價,收盤價,漲跌價,漲跌%,成交量,結算價,未沖銷契約數,最後最佳買價,最後最佳賣價,歷史最高價,歷史最低價,是否因訊息面暫停交易,交易時段,價差對單式委託成交量
2018/4/16,MTX,201804,10975,10976,10908,10942,-15,-0.14%,79864,10942,24811,10942,10943,11122,10557,,一般,
2018/4/16,MTX,201804,10966,10984,10927,10938,-19,-0.17%,30146,-,-,10937,10940,11122,10557,,盤後,
2018/4/16,MTX,201805,10955,10961,10895,10930,-12,-0.11%,12889,10928,8493,10928,10929,11098,10598,,一般,
2018/4/16,MTX,201805,10951,10967,10914,10926,-16,-0.15%,3115,-,-,10925,10927,11098,10598,,盤後,
2018/4/16,MTX,201806,10926,10936,10874,10906,-10,-0.09%,753,10905,5748,10904,10906,11200,9262,,一般,
2018/4/16,MTX,201806,10916,10942,10893,10906,-10,-0.09%,292,-,-,10899,10906,11200,9262,,盤後,
2018/4/16,MTX,201809,10480,10485,10430,10460,-6,-0.06%,246,10462,3969,10459,10465,10803,9662,,一般,
2018/4/16,MTX,201809,10472,10495,10450,10455,-11,-0.11%,73,-,-,10451,10467,10803,9662,,盤後,
2018/4/16,MTX,201812,10421,10434,10380,10405,-6,-0.06%,286,10410,3516,10407,10412,10768,9633,,一般,
2018/4/16,MTX,201812,10414,10439,10392,10399,-12,-0.12%,149,-,-,10398,10412,10768,9633,,盤後,
2018/4/16,MTX,201804/201805,-12,-12,-18,-12,-,-,112,-,-,-14,-12,-12,-27,,一般,3304
2018/4/16,MTX,201804/201812,-535,-535,-535,-535,-,-,1,-,-,-535,-530,-535,-535,,一般,176
2018/4/16,MTX,201805/201806,-25,-25,-25,-25,-,-,1,-,-,-25,-22,-25,-25,,一般,128
交易日期,契約,到期月份(週別),開盤價,最高價,最低價,收盤價,漲跌價,漲跌%,成交量,結算價,未沖銷契約數,最後最佳買價,最後最佳賣價,歷史最高價,歷史最低價,是否因訊息面暫停交易,交易時段,價差對單式委託成交量
2018/4/17,MTX,201804,10958,10964,10801,10807,-135,-1.23%,100228,10807,22882,10806,10809,11122,10557,,一般,
2018/4/17,MTX,201804,10939,10968,10927,10965,23,0.21%,15403,-,-,10963,10965,11122,10557,,盤後,
2018/4/17,MTX,201805,10950,10950,10790,10792,-136,-1.24%,27525,10791,13502,10791,10793,11098,10598,,一般,
2018/4/17,MTX,201805,10928,10953,10915,10952,24,0.22%,2653,-,-,10950,10952,11098,10598,,盤後,
2018/4/17,MTX,201806,10916,10925,10771,10773,-132,-1.21%,1787,10772,5915,10773,10775,11200,9262,,一般,
2018/4/17,MTX,201806,10904,10932,10894,10925,20,0.18%,135,-,-,10926,10932,11200,9262,,盤後,
2018/4/17,MTX,201809,10470,10479,10330,10330,-132,-1.26%,585,10333,4131,10331,10333,10803,9662,,一般,
2018/4/17,MTX,201809,10457,10487,10457,10485,23,0.22%,28,-,-,10481,10486,10803,9662,,盤後,
2018/4/17,MTX,201812,10434,10434,10286,10289,-121,-1.16%,409,10289,3673,10289,10293,10768,9633,,一般,
2018/4/17,MTX,201812,10405,10435,10405,10433,23,0.22%,35,-,-,10429,10434,10768,9633,,盤後,
2018/4/17,MTX,201804/201805,-14,-10,-16,-16,-,-,53,-,-,-16,-14,-10,-27,,一般,5550
2018/4/17,MTX,201804/201805,-14,-14,-14,-14,-,-,8,-,-,-15,-12,-12,-27,,盤後,915
交易日期,契約,到期月份(週別),開盤價,最高價,最低價,收盤價,漲跌價,漲跌%,成交量,結算價,未沖銷契約數,最後最佳買價,最後最佳賣價,歷史最高價,歷史最低價,是否因訊息面暫停交易,交易時段,價差對單式委託成交量
2018/4/18,MTX,201804,10850,10909,10790,10846,39,0.36%,82910,0,9135,10846,10847,11122,10557,,一般,
2018/4/18,MTX,201804,10808,10835,10773,10825,18,0.17%,20165,-,-,10821,10825,11122,10557,,盤後,
2018/4/18,MTX,201804W4,10855,10890,10803,10856,53,0.49%,206,10856,140,10855,10861,10890,10803,,一般,
2018/4/18,MTX,201805,10840,10890,10788,10845,54,0.50%,61992,10845,18699,10845,10846,11098,10598,,一般,
2018/4/18,MTX,201805,10793,10817,10756,10808,17,0.16%,8505,-,-,10806,10808,11098,10598,,盤後,
2018/4/18,MTX,201806,10802,10868,10772,10826,54,0.50%,2193,10825,6243,10825,10827,11200,9262,,一般,
2018/4/18,MTX,201806,10779,10796,10740,10785,13,0.12%,545,-,-,10784,10790,11200,9262,,盤後,
2018/4/18,MTX,201809,10382,10420,10333,10388,55,0.53%,500,10388,4037,10385,10388,10803,9662,,一般,
2018/4/18,MTX,201809,10333,10359,10300,10350,17,0.16%,133,-,-,10342,10349,10803,9662,,盤後,
2018/4/18,MTX,201812,10330,10375,10291,10346,57,0.55%,307,10345,3757,10343,10347,10768,9633,,一般,
2018/4/18,MTX,201812,10289,10313,10253,10313,24,0.23%,68,-,-,10300,10308,10768,9633,,盤後,
2018/4/18,MTX,201804/201805,-16,-1,-20,-10,-,-,57,-,-,-,-,-1,-27,,一般,5430
2018/4/18,MTX,201804/201805,-15,-15,-19,-17,-,-,45,-,-,-17,-14,-10,-27,,盤後,1275
交易日期,契約,到期月份(週別),開盤價,最高價,最低價,收盤價,漲跌價,漲跌%,成交量,結算價,未沖銷契約數,最後最佳買價,最後最佳賣價,歷史最高價,歷史最低價,是否因訊息面暫停交易,交易時段,價差對單式委託成交量
2018/4/19,MTX,201804W4,10875,10984,10875,10978,122,1.12%,557,10978,400,10975,10979,10984,10803,,一般,
2018/4/19,MTX,201804W4,10859,10861,10824,10861,5,0.05%,138,-,-,10850,10854,10890,10803,,盤後,
2018/4/19,MTX,201805,10856,10975,10854,10969,124,1.14%,107182,10967,31096,10967,10969,11098,10598,,一般,
2018/4/19,MTX,201805,10844,10852,10808,10842,-3,-0.03%,24392,-,-,10841,10842,11098,10598,,盤後,
2018/4/19,MTX,201806,10835,10950,10835,10946,121,1.12%,3641,10945,7735,10945,10946,11200,9262,,一般,
2018/4/19,MTX,201806,10815,10832,10790,10821,-4,-0.04%,683,-,-,10821,10824,11200,9262,,盤後,
2018/4/19,MTX,201809,10399,10501,10399,10496,108,1.04%,613,10498,3821,10496,10498,10803,9662,,一般,
2018/4/19,MTX,201809,10380,10390,10358,10388,0,0.00%,66,-,-,10380,10387,10803,9662,,盤後,
2018/4/19,MTX,201812,10362,10458,10362,10454,109,1.05%,442,10458,3827,10453,10456,10768,9633,,一般,
2018/4/19,MTX,201812,10334,10349,10311,10345,0,0.00%,46,-,-,10339,10345,10768,9633,,盤後,
2018/4/19,MTX,201903,10332,10415,10332,10411,109,1.06%,83,10410,40,10409,10412,10415,10332,,一般,
交易日期,契約,到期月份(週別),開盤價,最高價,最低價,收盤價,漲跌價,漲跌%,成交量,結算價,未沖銷契約數,最後最佳買價,最後最佳賣價,歷史最高價,歷史最低價,是否因訊息面暫停交易,交易時段,價差對單式委託成交量
2018/4/20,MTX,201804W4,10887,10887,10785,10788,-190,-1.73%,757,10788,474,10789,10794,10984,10785,,一般,
2018/4/20,MTX,201804W4,10937,10976,10864,10887,-91,-0.83%,391,-,-,10890,10895,10984,10803,,盤後,
2018/4/20,MTX,201805,10876,10877,10775,10787,-180,-1.64%,122382,10786,30450,10786,10787,11098,10598,,一般,
2018/4/20,MTX,201805,10943,10968,10850,10881,-86,-0.78%,56050,-,-,10881,10883,11098,10598,,盤後,
2018/4/20,MTX,201806,10856,10856,10758,10767,-178,-1.63%,4504,10765,6532,10766,10768,11200,9262,,一般,
2018/4/20,MTX,201806,10925,10944,10829,10858,-87,-0.79%,2592,-,-,10858,10860,11200,9262,,盤後,
2018/4/20,MTX,201809,10412,10412,10321,10329,-169,-1.61%,739,10329,4099,10325,10329,10803,9662,,一般,
2018/4/20,MTX,201809,10505,10505,10390,10415,-83,-0.79%,316,-,-,10416,10422,10803,9662,,盤後,
2018/4/20,MTX,201812,10369,10369,10280,10289,-169,-1.62%,406,10287,3785,10284,10288,10768,9633,,一般,
2018/4/20,MTX,201812,10446,10450,10350,10375,-83,-0.79%,293,-,-,10372,10379,10768,9633,,盤後,
2018/4/20,MTX,201903,10311,10311,10236,10241,-169,-1.62%,92,10239,115,10242,10246,10415,10236,,一般,
2018/4/20,MTX,201903,10385,10403,10305,10332,-78,-0.75%,45,-,-,10325,10332,10415,10305,,盤後,
交易日期,契約,到期月份(週別),開盤價,最高價,最低價,收盤價,漲跌價,漲跌%,成交量,結算價,未沖銷契約數,最後最佳買價,最後最佳賣價,歷史最高價,歷史最低價,是否因訊息面暫停交易,交易時段,價差對單式委託成交量
2018/4/23,MTX,201804W4,10737,10776,10697,10699,-89,-0.82%,607,10699,429,10697,10700,10984,10690,,一般,
2018/4/23,MTX,201804W4,10748,10756,10690,10702,-86,-0.80%,328,-,-,10699,10704,10984,10690,,盤後,
2018/4/23,MTX,201805,10730,10767,10688,10692,-94,-0.87%,105786,10691,33684,10692,10693,11098,10598,,一般,
2018/4/23,MTX,201805,10759,10760,10682,10700,-86,-0.80%,54916,-,-,10699,10700,11098,10598,,盤後,
2018/4/23,MTX,201806,10706,10748,10671,10673,-92,-0.85%,3385,10673,6694,10673,10675,11200,9262,,一般,
2018/4/23,MTX,201806,10744,10744,10665,10682,-83,-0.77%,2499,-,-,10679,10683,11200,9262,,盤後,
2018/4/23,MTX,201809,10265,10306,10232,10232,-97,-0.94%,544,10236,4320,10234,10236,10803,9662,,一般,
2018/4/23,MTX,201809,10305,10305,10228,10246,-83,-0.80%,357,-,-,10240,10245,10803,9662,,盤後,
2018/4/23,MTX,201812,10225,10265,10192,10192,-95,-0.92%,273,10193,3755,10193,10195,10768,9633,,一般,
2018/4/23,MTX,201812,10260,10260,10188,10201,-86,-0.84%,257,-,-,10199,10204,10768,9633,,盤後,
2018/4/23,MTX,201903,10183,10220,10152,10152,-87,-0.85%,142,10151,171,10152,10156,10415,10148,,一般,
2018/4/23,MTX,201903,10210,10216,10148,10158,-81,-0.79%,66,-,-,10157,10162,10415,10148,,盤後,
2018/4/23,MTX,201804W4/201805,-3,-3,-3,-3,-,-,3,-,-,-4,0,-3,-3,,盤後,259
2018/4/23,MTX,201805/201806,-20,-20,-20,-20,-,-,1,-,-,-20,-17,-20,-25,,盤後,1487
2018/4/23,MTX,201805/201903,-537,-537,-537,-537,-,-,2,-,-,-542,-538,-537,-537,,盤後,56
交易日期,契約,到期月份(週別),開盤價,最高價,最低價,收盤價,漲跌價,漲跌%,成交量,結算價,未沖銷契約數,最後最佳買價,最後最佳賣價,歷史最高價,歷史最低價,是否因訊息面暫停交易,交易時段,價差對單式委託成交量
2018/4/24,MTX,201804W4,10702,10702,10560,10586,-113,-1.06%,602,10586,470,10584,10588,10984,10560,,一般,
2018/4/24,MTX,201804W4,10682,10695,10650,10689,-10,-0.09%,218,-,-,10688,10692,10984,10650,,盤後,
2018/4/24,MTX,201805,10693,10694,10547,10585,-106,-0.99%,133580,10585,33008,10586,10587,11098,10547,,一般,
2018/4/24,MTX,201805,10687,10690,10639,10683,-8,-0.07%,43099,-,-,10683,10684,11098,10598,,盤後,
2018/4/24,MTX,201806,10675,10675,10531,10568,-105,-0.98%,4979,10567,6834,10568,10569,11200,9262,,一般,
2018/4/24,MTX,201806,10670,10670,10622,10666,-7,-0.07%,1759,-,-,10664,10667,11200,9262,,盤後,
2018/4/24,MTX,201809,10233,10236,10095,10133,-103,-1.01%,1046,10129,4589,10130,10134,10803,9662,,一般,
2018/4/24,MTX,201809,10228,10228,10185,10226,-10,-0.10%,310,-,-,10226,10230,10803,9662,,盤後,
2018/4/24,MTX,201812,10191,10191,10055,10090,-103,-1.01%,370,10089,3756,10090,10093,10768,9633,,一般,
2018/4/24,MTX,201812,10189,10189,10142,10184,-9,-0.09%,167,-,-,10185,10189,10768,9633,,盤後,
2018/4/24,MTX,201903,10150,10153,10019,10045,-106,-1.04%,218,10046,223,10047,10051,10415,10019,,一般,
2018/4/24,MTX,201903,10140,10142,10102,10139,-12,-0.12%,36,-,-,10143,10148,10415,10102,,盤後,
2018/4/24,MTX,201804W4/201805,-3,-3,-3,-3,-,-,10,-,-,-3,3,-3,-3,,一般,158
交易日期,契約,到期月份(週別),開盤價,最高價,最低價,收盤價,漲跌價,漲跌%,成交量,結算價,未沖銷契約數,最後最佳買價,最後最佳賣價,歷史最高價,歷史最低價,是否因訊息面暫停交易,交易時段,價差對單式委託成交量
2018/4/25,MTX,201804W4,10478,10566,10474,10566,-20,-0.19%,738,0,841,10565,10566,10984,10419,,一般,
2018/4/25,MTX,201804W4,10578,10620,10419,10466,-120,-1.13%,1157,-,-,10462,10469,10984,10419,,盤後,
2018/4/25,MTX,201805W1,10506,10567,10480,10546,-40,-0.38%,301,10546,189,10541,10545,10567,10480,,一般,
2018/4/25,MTX,201805,10485,10559,10468,10535,-50,-0.47%,127238,10535,31882,10534,10535,11098,10412,,一般,
2018/4/25,MTX,201805,10579,10624,10412,10461,-124,-1.17%,66904,-,-,10460,10461,11098,10412,,盤後,
2018/4/25,MTX,201806,10463,10538,10450,10514,-53,-0.50%,4329,10515,6773,10514,10516,11200,9262,,一般,
2018/4/25,MTX,201806,10563,10605,10396,10442,-125,-1.18%,3011,-,-,10441,10442,11200,9262,,盤後,
2018/4/25,MTX,201809,10024,10096,10012,10078,-51,-0.50%,697,10081,4590,10074,10077,10803,9662,,一般,
2018/4/25,MTX,201809,10129,10168,9965,10009,-120,-1.18%,564,-,-,10005,10011,10803,9662,,盤後,
2018/4/25,MTX,201812,9993,10055,9973,10035,-54,-0.54%,411,10038,3894,10031,10034,10768,9633,,一般,
2018/4/25,MTX,201812,10078,10128,9922,9966,-123,-1.22%,208,-,-,9964,9969,10768,9633,,盤後,
2018/4/25,MTX,201903,9933,10012,9930,9993,-53,-0.53%,233,9994,266,9989,9992,10415,9885,,一般,
2018/4/25,MTX,201903,10061,10085,9885,9925,-121,-1.20%,107,-,-,9920,9928,10415,9885,,盤後,
2018/4/25,MTX,201805W1/201805,-7,-7,-8,-8,-,-,19,-,-,-10,-7,-7,-8,,一般,220
交易日期,契約,到期月份(週別),開盤價,最高價,最低價,收盤價,漲跌價,漲跌%,成交量,結算價,未沖銷契約數,最後最佳買價,最後最佳賣價,歷史最高價,歷史最低價,是否因訊息面暫停交易,交易時段,價差對單式委託成交量
2018/4/26,MTX,201805W1,10593,10630,10482,10486,-60,-0.57%,447,10486,309,10482,10485,10630,10480,,一般,
2018/4/26,MTX,201805W1,10535,10571,10500,10571,25,0.24%,185,-,-,10571,10575,10571,10480,,盤後,
2018/4/26,MTX,201805,10599,10621,10470,10474,-61,-0.58%,131390,10475,33317,10474,10475,11098,10412,,一般,
2018/4/26,MTX,201805,10537,10565,10490,10563,28,0.27%,51257,-,-,10563,10564,11098,10412,,盤後,
2018/4/26,MTX,201806,10576,10601,10452,10454,-61,-0.58%,4254,10455,6934,10454,10457,11200,9262,,一般,
2018/4/26,MTX,201806,10514,10546,10470,10543,28,0.27%,1845,-,-,10544,10546,11200,9262,,盤後,
2018/4/26,MTX,201809,10129,10161,10013,10015,-66,-0.65%,834,10017,4600,10015,10018,10803,9662,,一般,
2018/4/26,MTX,201809,10081,10102,10033,10102,21,0.21%,227,-,-,10103,10107,10803,9662,,盤後,
2018/4/26,MTX,201812,10088,10114,9975,9975,-63,-0.63%,384,9975,4003,9973,9974,10768,9633,,一般,
2018/4/26,MTX,201812,10024,10060,9989,10060,22,0.22%,184,-,-,10060,10064,10768,9633,,盤後,
2018/4/26,MTX,201903,10053,10074,9930,9931,-63,-0.63%,222,9934,269,9930,9932,10415,9885,,一般,
2018/4/26,MTX,201903,9980,10020,9947,10020,26,0.26%,47,-,-,10018,10021,10415,9885,,盤後,
2018/4/26,MTX,201805/201806,-21,-21,-21,-21,-,-,1,-,-,-21,-18,-20,-25,,盤後,1434
交易日期,契約,到期月份(週別),開盤價,最高價,最低價,收盤價,漲跌價,漲跌%,成交量,結算價,未沖銷契約數,最後最佳買價,最後最佳賣價,歷史最高價,歷史最低價,是否因訊息面暫停交易,交易時段,價差對單式委託成交量
2018/4/27,MTX,201805W1,10566,10570,10492,10563,77,0.73%,593,10563,505,10564,10567,10630,10461,,一般,
2018/4/27,MTX,201805W1,10467,10565,10461,10559,73,0.70%,120,-,-,10558,10561,10630,10461,,盤後,
2018/4/27,MTX,201805,10558,10565,10482,10560,85,0.81%,109247,10560,32260,10560,10561,11098,10412,,一般,
2018/4/27,MTX,201805,10461,10559,10450,10550,75,0.72%,36078,-,-,10548,10550,11098,10412,,盤後,
2018/4/27,MTX,201806,10537,10545,10464,10542,87,0.83%,3690,10542,7175,10541,10543,11200,9262,,一般,
2018/4/27,MTX,201806,10448,10539,10432,10530,75,0.72%,1689,-,-,10528,10532,11200,9262,,盤後,
2018/4/27,MTX,201809,10100,10103,10025,10100,83,0.83%,557,10104,4419,10099,10103,10803,9662,,一般,
2018/4/27,MTX,201809,9995,10098,9954,10091,74,0.74%,242,-,-,10087,10092,10803,9662,,盤後,
2018/4/27,MTX,201812,10064,10064,9987,10060,85,0.85%,199,10063,4009,10059,10060,10768,9633,,一般,
2018/4/27,MTX,201812,9955,10056,9951,10056,81,0.81%,189,-,-,10046,10051,10768,9633,,盤後,
2018/4/27,MTX,201903,10011,10019,9943,10016,82,0.83%,171,10018,275,10016,10019,10415,9885,,一般,
2018/4/27,MTX,201903,9916,10012,9910,10012,78,0.79%,66,-,-,10002,10008,10415,9885,,盤後,
2018/4/27,MTX,201805/201806,-20,-20,-20,-20,-,-,1,-,-,-20,-18,-20,-25,,盤後,1232
交易日期,契約,到期月份(週別),開盤價,最高價,最低價,收盤價,漲跌價,漲跌%,成交量,結算價,未沖銷契約數,最後最佳買價,最後最佳賣價,歷史最高價,歷史最低價,是否因訊息面暫停交易,交易時段,價差對單式委託成交量
2018/4/30,MTX,201805W1,10594,10657,10546,10657,94,0.89%,537,10657,525,10654,10657,10657,10461,,一般,
2018/4/30,MTX,201805W1,10565,10600,10542,10582,19,0.18%,184,-,-,10582,10588,10630,10461,,盤後,
2018/4/30,MTX,201805,10596,10655,10536,10653,93,0.88%,104273,10653,33754,10653,10654,11098,10412,,一般,
2018/4/30,MTX,201805,10568,10601,10530,10580,20,0.19%,41309,-,-,10580,10581,11098,10412,,盤後,
2018/4/30,MTX,201806,10579,10636,10520,10636,94,0.89%,3745,10635,7532,10633,10636,11200,9262,,一般,
2018/4/30,MTX,201806,10550,10582,10513,10562,20,0.19%,1752,-,-,10562,10564,11200,9262,,盤後,
2018/4/30,MTX,201809,10139,10190,10080,10190,86,0.85%,514,10190,4324,10190,10192,10803,9662,,一般,
2018/4/30,MTX,201809,10117,10140,10076,10121,17,0.17%,179,-,-,10119,10121,10803,9662,,盤後,
2018/4/30,MTX,201812,10084,10150,10043,10150,87,0.86%,241,10147,4025,10146,10150,10768,9633,,一般,
2018/4/30,MTX,201812,10075,10100,10035,10080,17,0.17%,97,-,-,10079,10082,10768,9633,,盤後,
2018/4/30,MTX,201903,10045,10108,10000,10108,90,0.90%,205,10105,324,10104,10108,10415,9885,,一般,
2018/4/30,MTX,201903,10030,10052,9992,10035,17,0.17%,73,-,-,10036,10040,10415,9885,,盤後,
2018/4/30,MTX,201805/201806,-17,-17,-17,-17,-,-,1,-,-,-19,-16,-17,-25,,盤後,1175
2018/4/30,MTX,201805W1/201805,-7,-7,-7,-7,-,-,1,-,-,-3,0,-7,-8,,一般,278
